person_id,timestamp,lat,lon,true_zone,true_activity
P0001,2026-01-05 07:30:00,22.7198,75.8577,Z1,HOME
P0001,2026-01-05 07:45:00,22.7200,75.8578,Z1,HOME
P0001,2026-01-05 08:00:00,22.7240,75.8520,TRAVEL,TRAVEL
P0001,2026-01-05 08:15:00,22.7295,75.8445,TRAVEL,TRAVEL
P0001,2026-01-05 08:30:00,22.7350,75.8350,Z2,WORK
P0001,2026-01-05 08:45:00,22.7348,75.8352,Z2,WORK
P0001,2026-01-05 12:30:00,22.7351,75.8349,Z2,WORK
P0001,2026-01-05 17:30:00,22.7300,75.8430,TRAVEL,TRAVEL
P0001,2026-01-05 17:45:00,22.7240,75.8515,TRAVEL,TRAVEL
P0001,2026-01-05 18:00:00,22.7195,75.8578,Z1,HOME
P0002,2026-01-05 07:30:00,22.6901,75.8502,Z3,HOME
P0002,2026-01-05 07:45:00,22.7000,75.8550,TRAVEL,TRAVEL
P0002,2026-01-05 08:00:00,22.7150,75.8650,TRAVEL,TRAVEL
P0002,2026-01-05 08:15:00,22.7350,75.8800,Z4,WORK
